Drawing the Head and Hands by Andrew Loomis;http://www.pdfdrive.com/drawing-the-head-and-hands-by-andrew-loomis-e10182633.html;141 Pages;https://cdn.pdfdrive.com/assets/thumbs/efb/efb1e479d41d511bdafbf9899f1bfdb4-s.jpg;English;['Painting & Drawing']
Building Construction Handbook;http://www.pdfdrive.com/building-construction-handbook-e26240750.html;841 Pages;https://cdn.pdfdrive.com/assets/thumbs/3cc/3cc1442d279dab955e40ad9e9e890b46-s.jpg;English;['Most Popular', 'Architecture']
Drawing Cartoons & Comics for Dummies;http://www.pdfdrive.com/drawing-cartoons-comics-for-dummies-e10783856.html;363 Pages;https://cdn.pdfdrive.com/assets/thumbs/0a6/0a651ad3962e9c34fef58a56e9001f16-s.jpg;English;"[""Editor's Picks"", 'Most Popular', 'Painting & Drawing']"
Art of Drawing the Human Body;http://www.pdfdrive.com/art-of-drawing-the-human-body-e19196654.html;162 Pages;https://cdn.pdfdrive.com/assets/thumbs/40a/40a376954631afafa275af19fe6b3154-s.jpg;English;"[""Editor's Picks"", 'Most Popular', 'Painting & Drawing']"
How to Draw and Paint Anatomy;http://www.pdfdrive.com/how-to-draw-and-paint-anatomy-e34535062.html;117 Pages;https://cdn.pdfdrive.com/assets/thumbs/1f3/1f30149c0eac3cae0edd0ae9f2fe62f6-s.jpg;English;['Painting & Drawing']
Mastering Photoshop for Web Design;http://www.pdfdrive.com/mastering-photoshop-for-web-design-e8109058.html;216 Pages;https://cdn.pdfdrive.com/assets/thumbs/bb3/bb394f5e6d24d9e18a574df6a70a22a3-s.jpg;English;"['Web Design', 'Graphic Design', ""Editor's Picks"", 'Software']"
Pencil Drawing Techniques;http://www.pdfdrive.com/pencil-drawing-techniques-e6661274.html;138 Pages;https://cdn.pdfdrive.com/assets/thumbs/58e/58e011302c7db09496ad4c1c05448dfc-s.jpg;English;['Painting & Drawing']
Children's Illustrated Dictionary;http://www.pdfdrive.com/childrens-illustrated-dictionary-e27107571.html;258 Pages;https://cdn.pdfdrive.com/assets/thumbs/9bb/9bbb837b9dc1518a3284941a544fbd92-s.jpg;English;['Graphic Design', 'Children & Youth']
Digital Colour in Graphic Design;http://www.pdfdrive.com/digital-colour-in-graphic-design-e28864279.html;225 Pages;https://cdn.pdfdrive.com/assets/thumbs/1b2/1b2e9f93d4796ec92567890849162df2-s.jpg;English;['Graphic Design']
figure drawing – design and invention;http://www.pdfdrive.com/figure-drawing-design-and-invention-e8408345.html;241 Pages;https://cdn.pdfdrive.com/assets/thumbs/2c5/2c5443c8d4015c9a8fa7952a5a337857-s.jpg;English;['Painting & Drawing']
Art Models 6: The Female Figure in Shadow and Light;http://www.pdfdrive.com/art-models-6-the-female-figure-in-shadow-and-light-e25098733.html;451 Pages;https://cdn.pdfdrive.com/assets/thumbs/1f1/1f1de5a320161e7981d4c67cac676448-s.jpg;English;['Art']
Textbook of Engineering Drawing;http://www.pdfdrive.com/textbook-of-engineering-drawing-e28918244.html;377 Pages;https://cdn.pdfdrive.com/assets/thumbs/d02/d02ee66d5ae0e8db226bea28e31f8be1-s.jpg;English;['Engineering', 'Most Popular', 'Painting & Drawing']
Piano for Beginners 6th ED;http://www.pdfdrive.com/piano-for-beginners-6th-ed-e28481921.html;164 Pages;https://cdn.pdfdrive.com/assets/thumbs/e2c/e2c1992577f775ebffb5d871cd0d3f71-s.jpg;English;['Music']
Drawing Comics the Marvel Way;http://www.pdfdrive.com/drawing-comics-the-marvel-way-e16800791.html;138 Pages;https://cdn.pdfdrive.com/assets/thumbs/f88/f886ed07b27c28aa70f00fa83d0ff064-s.jpg;English;['Painting & Drawing']
Draw 50 Animals;http://www.pdfdrive.com/draw-50-animals-e18826574.html;61 Pages;https://cdn.pdfdrive.com/assets/thumbs/fb3/fb3e677ab5528c136b695bc59eb94ed8-s.jpg;English;['Painting & Drawing']
Estimating in Building Construction;http://www.pdfdrive.com/estimating-in-building-construction-e20903150.html;286 Pages;https://cdn.pdfdrive.com/assets/thumbs/eac/eace481eb211a3afdaa7403597fa632a-s.jpg;English;['Architecture']
Art Models 8: Practical Poses for the Working Artist;http://www.pdfdrive.com/art-models-8-practical-poses-for-the-working-artist-e19607431.html;196 Pages;https://cdn.pdfdrive.com/assets/thumbs/a7e/a7e7cd0902581d74335588387f89448b-s.jpg;English;['Art']
500 Poses for Photographing Women;http://www.pdfdrive.com/500-poses-for-photographing-women-e18903999.html;129 Pages;https://cdn.pdfdrive.com/assets/thumbs/1af/1af890100f90fa97b23fe8b4598beef5-s.jpg;English;['Photography']
Perspective Made Easy;http://www.pdfdrive.com/perspective-made-easy-e18826682.html;228 Pages;https://cdn.pdfdrive.com/assets/thumbs/ab2/ab2bf53c206c54d8b2bcd412766998bf-s.jpg;English;['Painting & Drawing']
Fun With A Pencil by Andrew Loomis - Alex Hays;http://www.pdfdrive.com/fun-with-a-pencil-by-andrew-loomis-alex-hays-e8151153.html;122 Pages;https://cdn.pdfdrive.com/assets/thumbs/e92/e92e1b0f67d4d37e224af47a7e64afc8-s.jpg;English;"[""Editor's Picks"", 'Painting & Drawing']"
The Art and Craft of Problem Solving;http://www.pdfdrive.com/the-art-and-craft-of-problem-solving-e13909465.html;383 Pages;https://cdn.pdfdrive.com/assets/thumbs/015/015a954e1fd74465f581a09febf13901-s.jpg;English;['Academic & Education', 'Art']
Japan Style Architecture, Interiors & Design;http://www.pdfdrive.com/japan-style-architecture-interiors-design-e31779379.html;228 Pages;https://cdn.pdfdrive.com/assets/thumbs/436/4364f1e62e9181c3add824e1bc7af847-s.jpg;English;['Architecture']
Successful Drawing by Andrew Loomis;http://www.pdfdrive.com/successful-drawing-by-andrew-loomis-e10159046.html;151 Pages;https://cdn.pdfdrive.com/assets/thumbs/32a/32a738699b1b0616d79a35f81a22584a-s.jpg;English;['Art']
Guitar Scales Easy Music Lessons;http://www.pdfdrive.com/guitar-scales-easy-music-lessons-e14525.html;19 Pages;https://cdn.pdfdrive.com/assets/thumbs/bfa/bfae931fe604991cd67c88de7cee9151-s.jpg;English;"[""Editor's Picks"", 'Music']"
Drawing Portraits;http://www.pdfdrive.com/drawing-portraits-e18016565.html;66 Pages;https://cdn.pdfdrive.com/assets/thumbs/72c/72c684e5349559fb1ac37507a1d3e801-s.jpg;English;['Painting & Drawing']
The Complete Idiot''s Guide to Music Theory;http://www.pdfdrive.com/the-complete-idiots-guide-to-music-theory-e21646643.html;338 Pages;https://cdn.pdfdrive.com/assets/thumbs/fab/fab321c5df66e388ffac0c2e7f843573-s.jpg;English;['Art']
Sketch Book for the Artist;http://www.pdfdrive.com/sketch-book-for-the-artist-e34354508.html;265 Pages;https://cdn.pdfdrive.com/assets/thumbs/708/7081ab2dd8c94d79f35024e54811b386-s.jpg;English;['Painting & Drawing']
1000 Poses in Fashion;http://www.pdfdrive.com/1000-poses-in-fashion-e13354820.html;321 Pages;https://cdn.pdfdrive.com/assets/thumbs/0d4/0d4d2e1437aae8bcb3bec9f725392af5-s.jpg;English;['Fashion & Beauty']
How to Draw Anime For Beginners;http://www.pdfdrive.com/how-to-draw-anime-for-beginners-e18775390.html;153 Pages;https://cdn.pdfdrive.com/assets/thumbs/c48/c48654c8927f7a1d4dfce61ab87492f0-s.jpg;English;['Painting & Drawing']
Graphic Design Theory;http://www.pdfdrive.com/graphic-design-theory-e19488823.html;152 Pages;https://cdn.pdfdrive.com/assets/thumbs/74d/74dbd5f33b8214ce08dfc61c47c72971-s.jpg;English;['Graphic Design']
Interior Design & Interior Architecture;http://www.pdfdrive.com/interior-design-interior-architecture-e5768161.html;24 Pages;https://cdn.pdfdrive.com/assets/thumbs/bcd/bcdd03ad666100254f01657fa70c37a1-s.jpg;English;"[""Editor's Picks"", 'Architecture']"
How To Read Music 7 Easy Lessons;http://www.pdfdrive.com/how-to-read-music-7-easy-lessons-e19861601.html;65 Pages;https://cdn.pdfdrive.com/assets/thumbs/7ed/7edaea1fc486b21af9904fe63de1e782-s.jpg;English;['Music']
The Big Book of Weekend Woodworking - Wood Tools;http://www.pdfdrive.com/the-big-book-of-weekend-woodworking-wood-tools-e12932213.html;452 Pages;https://cdn.pdfdrive.com/assets/thumbs/a4a/a4ac347cde6bee166141cea7d5361dd3-s.jpg;English;['Craft & Hobbies']
Posing Techniques for Photographing Model Portfolios;http://www.pdfdrive.com/posing-techniques-for-photographing-model-portfolios-e12467938.html;128 Pages;https://cdn.pdfdrive.com/assets/thumbs/9ea/9ea4183bdd5a1a6b3ad7d79c71db312b-s.jpg;English;['Photography']
Basics Design: Design Thinking;http://www.pdfdrive.com/basics-design-design-thinking-e12052373.html;202 Pages;https://cdn.pdfdrive.com/assets/thumbs/a53/a53f7d0b7769e8d33ff7650d81b6308d-s.jpg;English;['Art']
Building with Earth: Design and Technology of a Sustainable ;http://www.pdfdrive.com/building-with-earth-design-and-technology-of-a-sustainable-e6082438.html;198 Pages;https://cdn.pdfdrive.com/assets/thumbs/17c/17ccb65a3f6364ca6221593c92a0058a-s.jpg;English;"[""Editor's Picks"", 'Architecture']"
Guitar Chords for Dummies;http://www.pdfdrive.com/guitar-chords-for-dummies-e21818770.html;387 Pages;https://cdn.pdfdrive.com/assets/thumbs/e45/e450500fd379993ebca2fa6e5d5ed500-s.jpg;English;['Most Popular', 'Music']
The Piano Book;http://www.pdfdrive.com/the-piano-book-e15031661.html;446 Pages;https://cdn.pdfdrive.com/assets/thumbs/f57/f578b46fbcacb6e55d63ece04f90a548-s.jpg;English;"[""Editor's Picks"", 'Most Popular', 'Music']"
Typography;http://www.pdfdrive.com/typography-e19637783.html;242 Pages;https://cdn.pdfdrive.com/assets/thumbs/93a/93a69d8669e0be1ded1afdb0494153ff-s.jpg;English;['Graphic Design']
Portrait Photography;http://www.pdfdrive.com/portrait-photography-e30616734.html;329 Pages;https://cdn.pdfdrive.com/assets/thumbs/476/4764a52395552bc95b5292341a12ce7b-s.jpg;English;['Photography']
Alfred's Essentials of Music Theory;http://www.pdfdrive.com/alfreds-essentials-of-music-theory-e19040643.html;117 Pages;https://cdn.pdfdrive.com/assets/thumbs/aa7/aa7da48f9820242116f551bc33e3546f-s.jpg;English;['Music']
Fine Woodworking 2007 Building Furniture;http://www.pdfdrive.com/fine-woodworking-2007-building-furniture-e14934013.html;116 Pages;https://cdn.pdfdrive.com/assets/thumbs/fec/fecaf0b5170ae9f874bceaa249679000-s.jpg;English;['Craft & Hobbies']
How to Draw Collection 1-12;http://www.pdfdrive.com/how-to-draw-collection-1-12-e18737686.html;427 Pages;https://cdn.pdfdrive.com/assets/thumbs/168/1688a7804b042a138e18372581f4442d-s.jpg;English;['Most Popular', 'Painting & Drawing']
Gardens Outdoor Fine Woodworking;http://www.pdfdrive.com/gardens-outdoor-fine-woodworking-e16582922.html;97 Pages;https://cdn.pdfdrive.com/assets/thumbs/d0b/d0b47697e1df5a9876ae5dcb9fae2998-s.jpg;English;['Home & Garden', 'Craft & Hobbies']
Sewing, The World's Greatest Hobby;http://www.pdfdrive.com/sewing-the-worlds-greatest-hobby-e20736178.html;311 Pages;https://cdn.pdfdrive.com/assets/thumbs/212/2127c91b3a2b9a5b6825d5f21efe0d84-s.jpg;English;['Fashion & Beauty', 'Craft & Hobbies']
Absolute Beginner's Guide to Digital Photography;http://www.pdfdrive.com/absolute-beginners-guide-to-digital-photography-e5757098.html;381 Pages;https://cdn.pdfdrive.com/assets/thumbs/f12/f120c6d891a94376476c5a4826c4d627-s.jpg;English;"[""Editor's Picks"", 'Photography']"
Creative Black and White - Digital Photography Tips and Techniques;http://www.pdfdrive.com/creative-black-and-white-digital-photography-tips-and-techniques-e39581233.html;243 Pages;https://cdn.pdfdrive.com/assets/thumbs/cab/cabc4466ff3a5c4be8d1115f0cd59be5-s.jpg;English;"[""Editor's Picks"", 'Photography']"
Architect Drawings - A Selection of Sketches by World Famous Architects Through History;http://www.pdfdrive.com/architect-drawings-a-selection-of-sketches-by-world-famous-architects-through-history-e34341921.html;289 Pages;https://cdn.pdfdrive.com/assets/thumbs/b68/b6886633b0bb66a53b1937faf0d362de-s.jpg;English;['Painting & Drawing', 'Architecture']
National Geographic Masters of Photography - SnagFilms;http://www.pdfdrive.com/national-geographic-masters-of-photography-snagfilms-e17368460.html;190 Pages;https://cdn.pdfdrive.com/assets/thumbs/1df/1df1f83d793151a19aa082e9de2cb0fb-s.jpg;English;"[""Editor's Picks"", 'Photography']"
The Makeup Book;http://www.pdfdrive.com/the-makeup-book-e33429568.html;100 Pages;https://cdn.pdfdrive.com/assets/thumbs/ee4/ee407c54445c1420a2234707395d8348-s.jpg;English;['Fashion & Beauty']
Posing for Portrait Photography;http://www.pdfdrive.com/posing-for-portrait-photography-e10759171.html;128 Pages;https://cdn.pdfdrive.com/assets/thumbs/bd7/bd75586e70ff2aa6924fcf4d40119837-s.jpg;English;['Photography']
Understanding Architecture Through Drawing;http://www.pdfdrive.com/understanding-architecture-through-drawing-e24286816.html;273 Pages;https://cdn.pdfdrive.com/assets/thumbs/b8e/b8ebd9dd7a604e4df1bf9ef2202ba5db-s.jpg;English;['Painting & Drawing', 'Architecture']
Creative Illustration;http://www.pdfdrive.com/creative-illustration-e13515516.html;290 Pages;https://cdn.pdfdrive.com/assets/thumbs/041/041d26e5437ca3dbbe0218db05943db4-s.jpg;English;['Graphic Design']
Creative Photography Ideas;http://www.pdfdrive.com/creative-photography-ideas-e39681573.html;162 Pages;https://cdn.pdfdrive.com/assets/thumbs/878/878922f094b5397caf8a45e7f457b242-s.jpg;English;['Photography']
Gesture Drawing for Animation;http://www.pdfdrive.com/gesture-drawing-for-animation-e142764.html;214 Pages;https://cdn.pdfdrive.com/assets/thumbs/d25/d25156a2b3ddf49e37e6c4361466b34a-s.jpg;English;['Painting & Drawing']
How to Apply Makeup Professionally;http://www.pdfdrive.com/how-to-apply-makeup-professionally-e13852633.html;301 Pages;https://cdn.pdfdrive.com/assets/thumbs/a40/a404029ec59c3f8b9fff6789226f16fe-s.jpg;English;['Fashion & Beauty']
The Green Beauty Guide;http://www.pdfdrive.com/the-green-beauty-guide-e19440647.html;290 Pages;https://cdn.pdfdrive.com/assets/thumbs/0b2/0b2e14396d533a7110a2a1ee19a9d498-s.jpg;English;"['Fashion & Beauty', ""Editor's Picks""]"
Handbook of Medicinal Herbs;http://www.pdfdrive.com/handbook-of-medicinal-herbs-e50341.html;893 Pages;https://cdn.pdfdrive.com/assets/thumbs/e41/e419ced29b4cebed221038a004c9744f-s.jpg;English;['Fashion & Beauty', 'Food & Nutrition', 'Medical']
Photoshop for Dummies;http://www.pdfdrive.com/photoshop-for-dummies-e7451134.html;778 Pages;https://cdn.pdfdrive.com/assets/thumbs/6b4/6b455692c155a2d495af5c815c1232d6-s.jpg;English;['Art', 'Technology']
Structure as Architecture - School of Architecture;http://www.pdfdrive.com/structure-as-architecture-school-of-architecture-e14520898.html;241 Pages;https://cdn.pdfdrive.com/assets/thumbs/a3a/a3a3817fd4ee419885cba2ec8dfdc4a7-s.jpg;English;['Architecture']
How to Draw Flowers and Plants;http://www.pdfdrive.com/how-to-draw-flowers-and-plants-e19520329.html;133 Pages;https://cdn.pdfdrive.com/assets/thumbs/7ea/7ea65ba973b344b820c355bcb50c1a8c-s.jpg;English;['Painting & Drawing']
Planning and Design for Sustainable Urban Mobility;http://www.pdfdrive.com/planning-and-design-for-sustainable-urban-mobility-e7858824.html;348 Pages;https://cdn.pdfdrive.com/assets/thumbs/be2/be2d90b2b5579ab23659edf182da0315-s.jpg;English;['Architecture', 'Environment']
Decorative Knots;http://www.pdfdrive.com/decorative-knots-e27962903.html;253 Pages;https://cdn.pdfdrive.com/assets/thumbs/292/292fef735b3808477897d9eba9e441df-s.jpg;English;"[""Editor's Picks"", 'Most Popular', 'Craft & Hobbies']"
Posing Techniques for Glamour Photography;http://www.pdfdrive.com/posing-techniques-for-glamour-photography-e18162721.html;129 Pages;https://cdn.pdfdrive.com/assets/thumbs/ae5/ae51790745cab46bd25f3780f638bb78-s.jpg;English;['Art']
Pencil Drawing - A Beginner's Guide;http://www.pdfdrive.com/pencil-drawing-a-beginners-guide-e5187568.html;57 Pages;https://cdn.pdfdrive.com/assets/thumbs/c81/c81f16ec5d3f287aa6947af868a3d082-s.jpg;English;['Painting & Drawing']
Fashion Design and Illustration;http://www.pdfdrive.com/fashion-design-and-illustration-e9822362.html;80 Pages;https://cdn.pdfdrive.com/assets/thumbs/aa2/aa2ff4d5a2ec3356084aab2f7f85d3ae-s.jpg;English;['Fashion & Beauty']
Architecture: Design Notebook;http://www.pdfdrive.com/architecture-design-notebook-e175779.html;119 Pages;https://cdn.pdfdrive.com/assets/thumbs/af8/af8e6e8c9be77bb2c29e1da0994a48d6-s.jpg;English;"[""Editor's Picks"", 'Most Popular', 'Architecture']"
Bass Guitar For Dummies;http://www.pdfdrive.com/bass-guitar-for-dummies-e18720398.html;363 Pages;https://cdn.pdfdrive.com/assets/thumbs/0df/0df83cc2e9a8686d3c505cbeaa311165-s.jpg;English;['Most Popular', 'Music']
Pen and Ink Book Illustration;http://www.pdfdrive.com/pen-and-ink-book-illustration-e18734884.html;131 Pages;https://cdn.pdfdrive.com/assets/thumbs/6b9/6b99d21e77380b9e6f0a794305fdfabc-s.jpg;English;['Graphic Design']
Digital Photography Composition For Dummies;http://www.pdfdrive.com/digital-photography-composition-for-dummies-e19499268.html;372 Pages;https://cdn.pdfdrive.com/assets/thumbs/df3/df34dd82a4f49a364e42ed9f2349dcf8-s.jpg;English;['Photography']
Jewellery & Designer Fashion;http://www.pdfdrive.com/jewellery-designer-fashion-e2048390.html;124 Pages;https://cdn.pdfdrive.com/assets/thumbs/034/03495d1802be11fee9ef2dc0d1195235-s.jpg;English;['Fashion & Beauty', 'Craft & Hobbies']
Interior Design Handbook of Professional Practice;http://www.pdfdrive.com/interior-design-handbook-of-professional-practice-e18834582.html;800 Pages;https://cdn.pdfdrive.com/assets/thumbs/cc9/cc932acc20a18ebb0edf5ea7959b2fa5-s.jpg;English;['Architecture']
Structural Engineering - Civil, Environmental, and Architectural ;http://www.pdfdrive.com/structural-engineering-civil-environmental-and-architectural-e6480263.html;133 Pages;https://cdn.pdfdrive.com/assets/thumbs/365/3654b98cf83e831268bb786367c5bc93-s.jpg;English;['Engineering', 'Architecture']
Game Design: Theory & Practice 2nd Edition;http://www.pdfdrive.com/game-design-theory-practice-2nd-edition-e8793769.html;723 Pages;https://cdn.pdfdrive.com/assets/thumbs/1c8/1c8e8b87b72781d7c084b5cd9200897d-s.jpg;English;['Art']
Violin For Dummies;http://www.pdfdrive.com/violin-for-dummies-e30971609.html;434 Pages;https://cdn.pdfdrive.com/assets/thumbs/ece/ece1fe4b69e726ec058ddde07a2e24c0-s.jpg;English;['Most Popular', 'Music']
Bobbi Brown Makeup Manual;http://www.pdfdrive.com/bobbi-brown-makeup-manual-e6484073.html;156 Pages;https://cdn.pdfdrive.com/assets/thumbs/d78/d787294d1bcbae3caa913561498d967a-s.jpg;English;['Fashion & Beauty']
Graphic Design Basics;http://www.pdfdrive.com/graphic-design-basics-e2036342.html;74 Pages;https://cdn.pdfdrive.com/assets/thumbs/6a3/6a30cde430c2912d7fb2d1588ccfc681-s.jpg;German;['Graphic Design']
Sacred Mathematics: Japanese Temple Geometry;http://www.pdfdrive.com/sacred-mathematics-japanese-temple-geometry-e13737972.html;377 Pages;https://cdn.pdfdrive.com/assets/thumbs/783/783d742eef11ce6769a9874e05651d29-s.jpg;English;['Math', 'Painting & Drawing', 'Architecture']
Lighting Techniques for Photographing Model Portfolios;http://www.pdfdrive.com/lighting-techniques-for-photographing-model-portfolios-e19570041.html;129 Pages;https://cdn.pdfdrive.com/assets/thumbs/dee/deeaf7bd4ed9a201b47fbfb7a6d9be8e-s.jpg;English;['Photography']
Elementary Visual School Arts;http://www.pdfdrive.com/elementary-visual-school-arts-e20722489.html;417 Pages;https://cdn.pdfdrive.com/assets/thumbs/633/6337ec6c01c8e09ced2443ea5a05f3da-s.jpg;English;['Graphic Design', 'Children & Youth']
Typography, Headlines and Infographics;http://www.pdfdrive.com/typography-headlines-and-infographics-e32848148.html;150 Pages;https://cdn.pdfdrive.com/assets/thumbs/80c/80c3f54d3424c05cc95749c6b8dae69a-s.jpg;English;['Graphic Design']
Blues Guitar Lesson Book - Learn & Master Courses by Legacy ;http://www.pdfdrive.com/blues-guitar-lesson-book-learn-master-courses-by-legacy-e1892742.html;111 Pages;https://cdn.pdfdrive.com/assets/thumbs/428/428014987959992b50bdcfaafae8678a-s.jpg;English;['Music']
Decorative Paint & Plaster and Thermal Insulation Catalog;http://www.pdfdrive.com/decorative-paint-plaster-and-thermal-insulation-catalog-e2447704.html;132 Pages;https://cdn.pdfdrive.com/assets/thumbs/8e1/8e1b72dea258f7633e9af24b6c148551-s.jpg;English;['Most Popular', 'Craft & Hobbies']
The Language of Music - Tom Brooks Music;http://www.pdfdrive.com/the-language-of-music-tom-brooks-music-e6628778.html;149 Pages;https://cdn.pdfdrive.com/assets/thumbs/60d/60d5b71b4d5f63cfc4fd73e00603254f-s.jpg;English;['Music']
Creating Simple Solos - Amazing Guitar Secrets;http://www.pdfdrive.com/creating-simple-solos-amazing-guitar-secrets-e1892811.html;53 Pages;https://cdn.pdfdrive.com/assets/thumbs/f80/f805c37ab214d4aa3ccd9273ec2b3469-s.jpg;English;['Music']
Teach Yourself Visually Drawing;http://www.pdfdrive.com/teach-yourself-visually-drawing-e20910044.html;307 Pages;https://cdn.pdfdrive.com/assets/thumbs/6d6/6d62507ae2264f8db7991f63a64c1efa-s.jpg;English;['Painting & Drawing']
How to Draw Collection 13-24;http://www.pdfdrive.com/how-to-draw-collection-13-24-e34436729.html;369 Pages;https://cdn.pdfdrive.com/assets/thumbs/6b2/6b2598a2605381085c1368d589924a6c-s.jpg;English;['Painting & Drawing']
Photography Lighting Secrets - Michael Allen Photography;http://www.pdfdrive.com/photography-lighting-secrets-michael-allen-photography-e18082199.html;67 Pages;https://cdn.pdfdrive.com/assets/thumbs/954/954d67c4a09ec4d533279526cd03a209-s.jpg;English;['Photography']
101 Soap Recipes;http://www.pdfdrive.com/101-soap-recipes-e6931227.html;43 Pages;https://cdn.pdfdrive.com/assets/thumbs/018/0187fa1773fe7a7284987f9ddedc71a4-s.jpg;English;['Craft & Hobbies']
Picture Yourself Making Jewelry and Beading;http://www.pdfdrive.com/picture-yourself-making-jewelry-and-beading-e10175915.html;223 Pages;https://cdn.pdfdrive.com/assets/thumbs/9fc/9fcd5c989692f43bae014ccedc776598-s.jpg;English;['Craft & Hobbies']
Acoustic Guitar Secrets™;http://www.pdfdrive.com/acoustic-guitar-secrets-e17710097.html;135 Pages;https://cdn.pdfdrive.com/assets/thumbs/da2/da21f39a42924274788082afc861d22e-s.jpg;English;['Music']
Chests and Cabinets - Fine Woodworking;http://www.pdfdrive.com/chests-and-cabinets-fine-woodworking-e16760547.html;107 Pages;https://cdn.pdfdrive.com/assets/thumbs/1a9/1a910a2fc06ecf56ea2a4aae611a4156-s.jpg;English;['Craft & Hobbies']
The Digital Photography Book: The Step-by-Step Secrets for How to ;http://www.pdfdrive.com/the-digital-photography-book-the-step-by-step-secrets-for-how-to-e8376665.html;55 Pages;https://cdn.pdfdrive.com/assets/thumbs/601/601fdf0630647cb3e7b032a0488acd9a-s.jpg;English;['Photography']
Keyboard Master Class - Tom Brooks Music;http://www.pdfdrive.com/keyboard-master-class-tom-brooks-music-e7749127.html;188 Pages;https://cdn.pdfdrive.com/assets/thumbs/107/107e5a6733aa8959919d5cd372266882-s.jpg;English;['Music']
Yoga as Therapeutic Exercise;http://www.pdfdrive.com/yoga-as-therapeutic-exercise-e18918868.html;250 Pages;https://cdn.pdfdrive.com/assets/thumbs/a23/a231f30f0ed9b8cc1dd2b8f3c8af21ee-s.jpg;English;['Most Popular', 'Art']
Graphic Design & Printing Technology;http://www.pdfdrive.com/graphic-design-printing-technology-e33533658.html;160 Pages;https://cdn.pdfdrive.com/assets/thumbs/a08/a0898c6dd60fa3f9022a3281cb0b2773-s.jpg;English;['Graphic Design']
Art and Architecture in the Islamic Tradition;http://www.pdfdrive.com/art-and-architecture-in-the-islamic-tradition-e33537360.html;305 Pages;https://cdn.pdfdrive.com/assets/thumbs/236/2367d3373e2dd36928940f9923adefde-s.jpg;English;['Most Popular', 'Architecture']
Oil Painting For Dummies;http://www.pdfdrive.com/oil-painting-for-dummies-e33409587.html;321 Pages;https://cdn.pdfdrive.com/assets/thumbs/3ee/3ee30099a5aa25f22133919479f6450f-s.jpg;English;"[""Editor's Picks"", 'Most Popular', 'Painting & Drawing']"
Food Photography & Lighting: A Commercial Photographer’s Guide ;http://www.pdfdrive.com/food-photography-lighting-a-commercial-photographers-guide-e3836080.html;40 Pages;https://cdn.pdfdrive.com/assets/thumbs/6db/6db0bb81f64ac253bf1daa58800defee-s.jpg;English;['Photography']
Basic Music Theory;http://www.pdfdrive.com/basic-music-theory-e18718050.html;354 Pages;https://cdn.pdfdrive.com/assets/thumbs/42c/42c1751eb5798f60374274cbcef3a77b-s.jpg;English;['Music']
The Art of Photography;http://www.pdfdrive.com/the-art-of-photography-e21340720.html;232 Pages;https://cdn.pdfdrive.com/assets/thumbs/d4c/d4c74ecf688e1dafa5ffcf150c8f94a8-s.jpg;English;['Art']
The Language of Fashion;http://www.pdfdrive.com/the-language-of-fashion-e18719472.html;191 Pages;https://cdn.pdfdrive.com/assets/thumbs/d7c/d7c2b6169c56fc01d1a216cb66fd7d99-s.jpg;English;['Fashion & Beauty']
urban design: method and techniques;http://www.pdfdrive.com/urban-design-method-and-techniques-e7838408.html;207 Pages;https://cdn.pdfdrive.com/assets/thumbs/41a/41a319a44f9f3059e5b4a04a92804f3e-s.jpg;English;['Architecture']
Your Guide to NATURAL BEAUTY;http://www.pdfdrive.com/your-guide-to-natural-beauty-e552155.html;48 Pages;https://cdn.pdfdrive.com/assets/thumbs/be4/be4781a3a7ae873303be9cae407b4d31-s.jpg;English;['Fashion & Beauty']
Music in Theory and Practice 8th Edition;http://www.pdfdrive.com/music-in-theory-and-practice-8th-edition-e20911050.html;434 Pages;https://cdn.pdfdrive.com/assets/thumbs/499/499a38bcb357294914f8ce749997f79b-s.jpg;English;['Art']
Painting Techniques;http://www.pdfdrive.com/painting-techniques-e21124689.html;24 Pages;https://cdn.pdfdrive.com/assets/thumbs/b93/b93f58c03c6686a059d5462cc6c7e4d7-s.jpg;English;['Craft & Hobbies', 'Automotive']
Encyclopedia of Twentieth Century Photography;http://www.pdfdrive.com/encyclopedia-of-twentieth-century-photography-e18856269.html;1,849 Pages;https://cdn.pdfdrive.com/assets/thumbs/5b5/5b58204606aeb00cde423b436aad7e4d-s.jpg;English;['Photography']
Neuroanatomy Draw It To Know It;http://www.pdfdrive.com/neuroanatomy-draw-it-to-know-it-e33442578.html;477 Pages;https://cdn.pdfdrive.com/assets/thumbs/1bd/1bd8932cfe1f0bd71ed70f49a840b96a-s.jpg;English;['Painting & Drawing']
A Dictionary of Architecture and Landscape Architecture;http://www.pdfdrive.com/a-dictionary-of-architecture-and-landscape-architecture-e18875805.html;284 Pages;https://cdn.pdfdrive.com/assets/thumbs/843/843efae09033298d9dacc03ee5e2522e-s.jpg;English;['Most Popular', 'Architecture']
Cartooning for the Beginner;http://www.pdfdrive.com/cartooning-for-the-beginner-e13301414.html;130 Pages;https://cdn.pdfdrive.com/assets/thumbs/859/85937ebbbd5b6157656a68861a2dae16-s.jpg;English;['Painting & Drawing']
Architect’s Pocket Book;http://www.pdfdrive.com/architects-pocket-book-e8948583.html;356 Pages;https://cdn.pdfdrive.com/assets/thumbs/fe1/fe12a87b0793e81cc1acae4e2e8d65a6-s.jpg;English;['Architecture']
STRUCTURAL DESIGN FOR ARCHITECTURE;http://www.pdfdrive.com/structural-design-for-architecture-e18469017.html;274 Pages;https://cdn.pdfdrive.com/assets/thumbs/00a/00a8d907aaf1d030357812f4aa82d33e-s.jpg;English;['Architecture']
The New Typography;http://www.pdfdrive.com/the-new-typography-e33462790.html;280 Pages;https://cdn.pdfdrive.com/assets/thumbs/f8f/f8f17c10730e0779421156cf16f8c1a6-s.jpg;English;['Graphic Design']
Architectural Design;http://www.pdfdrive.com/architectural-design-e24757072.html;186 Pages;https://cdn.pdfdrive.com/assets/thumbs/8e6/8e6bab0df15c9da987447186491c7f11-s.jpg;English;['Architecture']
Building Acoustics;http://www.pdfdrive.com/building-acoustics-e33493000.html;384 Pages;https://cdn.pdfdrive.com/assets/thumbs/409/40964d9a595154df2e75955fa4585523-s.jpg;English;['Architecture', 'Music']
European Landscape Architecture: Best Practice in Detailing;http://www.pdfdrive.com/european-landscape-architecture-best-practice-in-detailing-e18836838.html;289 Pages;https://cdn.pdfdrive.com/assets/thumbs/6eb/6eb765f682eed47931b5f3cb2eac0a7a-s.jpg;English;['Architecture']
Animation Writing and Development;http://www.pdfdrive.com/animation-writing-and-development-e20026721.html;355 Pages;https://cdn.pdfdrive.com/assets/thumbs/caa/caa62c463ada246ebaf98ceddb4cb24c-s.jpg;English;['Graphic Design']
Homegrown Wood, Handmade Furniture, New Scandinavian Design;http://www.pdfdrive.com/homegrown-wood-handmade-furniture-new-scandinavian-design-e14577773.html;70 Pages;https://cdn.pdfdrive.com/assets/thumbs/a48/a4830b0f024c7d6a0b984797bd7397ab-s.jpg;English;['Craft & Hobbies']
Figure Drawing Fundamentals;http://www.pdfdrive.com/figure-drawing-fundamentals-e65565.html;30 Pages;https://cdn.pdfdrive.com/assets/thumbs/fd9/fd946e8acdaf78bf0538a5455e2e92c1-s.jpg;English;['Painting & Drawing']
Acrylic Painting For Dummies;http://www.pdfdrive.com/acrylic-painting-for-dummies-e18969107.html;323 Pages;https://cdn.pdfdrive.com/assets/thumbs/cdb/cdbc66e36bb03e8b9363e7f9bcce7bd5-s.jpg;English;['Art']
Street Photography Magazine;http://www.pdfdrive.com/street-photography-magazine-e34749974.html;140 Pages;https://cdn.pdfdrive.com/assets/thumbs/cee/cee623fc096ae4b43bfa57d04d959565-s.jpg;English;['Photography']
21 Easy Sewing Projects: DIY Designs and Sewing Craft Ideas;http://www.pdfdrive.com/21-easy-sewing-projects-diy-designs-and-sewing-craft-ideas-e17852674.html;99 Pages;https://cdn.pdfdrive.com/assets/thumbs/3cf/3cfecae205e6dfe7013904a649963331-s.jpg;English;['Craft & Hobbies']
Dictionary of Islamic Architecture;http://www.pdfdrive.com/dictionary-of-islamic-architecture-e17475070.html;350 Pages;https://cdn.pdfdrive.com/assets/thumbs/ac8/ac88d842358a983652812decb4a40c6a-s.jpg;English;['Architecture']
Gibson's Learn & Master Guitar Lessons;http://www.pdfdrive.com/gibsons-learn-master-guitar-lessons-e17353377.html;189 Pages;https://cdn.pdfdrive.com/assets/thumbs/971/971c4780acc9d5a0b02648b987e09e4f-s.jpg;English;['Most Popular', 'Music']
The Nikon Guide to Landscape Photography;http://www.pdfdrive.com/the-nikon-guide-to-landscape-photography-e33416822.html;162 Pages;https://cdn.pdfdrive.com/assets/thumbs/c51/c517904c4f245875fb1c79f3458d97a9-s.jpg;English;"[""Editor's Picks"", 'Photography']"
THINKING THROUGH DRAWING: PRACTICE INTO KNOWLEDGE;http://www.pdfdrive.com/thinking-through-drawing-practice-into-knowledge-e7358024.html;172 Pages;https://cdn.pdfdrive.com/assets/thumbs/827/827beff6397c217606cecb6b8ce0526f-s.jpg;English;['Painting & Drawing']
Perspective Drawing;http://www.pdfdrive.com/perspective-drawing-e33425454.html;348 Pages;https://cdn.pdfdrive.com/assets/thumbs/e49/e49b13456574a782859c5c59e594692c-s.jpg;English;['Painting & Drawing']
Fine Paintings & Sculpture;http://www.pdfdrive.com/fine-paintings-sculpture-e27420800.html;260 Pages;https://cdn.pdfdrive.com/assets/thumbs/417/41709433117eb8cd053d7ca1cfd32179-s.jpg;English;['Painting & Drawing', 'Craft & Hobbies']
Daylighting: Natural Light in Architecture;http://www.pdfdrive.com/daylighting-natural-light-in-architecture-e2294800.html;227 Pages;https://cdn.pdfdrive.com/assets/thumbs/f23/f23539b7c2133f0dc9047c946ce1035c-s.jpg;English;['Most Popular', 'Architecture']
Building Materials, Third Edition;http://www.pdfdrive.com/building-materials-third-edition-e33461314.html;544 Pages;https://cdn.pdfdrive.com/assets/thumbs/597/5971502b41ae36e30e4ff766bbfd403f-s.jpg;English;['Architecture']
Architectural Design Elements;http://www.pdfdrive.com/architectural-design-elements-e137997.html;101 Pages;https://cdn.pdfdrive.com/assets/thumbs/831/8311a9839d8743d14febea459845fca6-s.jpg;English;['Architecture']
Guide to Head and Shoulders Portrait Photography;http://www.pdfdrive.com/guide-to-head-and-shoulders-portrait-photography-e14826955.html;128 Pages;https://cdn.pdfdrive.com/assets/thumbs/099/099c2f49f2a1886ab12d24327121760d-s.jpg;English;['Art']
Close-Up and Macro Photography;http://www.pdfdrive.com/close-up-and-macro-photography-e27530242.html;317 Pages;https://cdn.pdfdrive.com/assets/thumbs/c7f/c7ffbadc232b1faaf14942e784d77e32-s.jpg;English;['Photography']
Introduction The Fashion Business: Theory, Practice, Image;http://www.pdfdrive.com/introduction-the-fashion-business-theory-practice-image-e30729459.html;224 Pages;https://cdn.pdfdrive.com/assets/thumbs/3cb/3cbc8fe95c44ca8c05a50a39369d944c-s.jpg;English;['Fashion & Beauty']
MATHEMATICS AND ORIGAMI;http://www.pdfdrive.com/mathematics-and-origami-e14835573.html;273 Pages;https://cdn.pdfdrive.com/assets/thumbs/c84/c84a128bedd2bbb0a327b06c4ced566b-s.jpg;English;['Math', 'Craft & Hobbies']
Guitar Techniques Magazine;http://www.pdfdrive.com/guitar-techniques-magazine-e28543818.html;100 Pages;https://cdn.pdfdrive.com/assets/thumbs/adb/adbbe7ef791b09800db1e874c5fe64f4-s.jpg;English;['Music']
A confluence of art and music - Carnatic Music;http://www.pdfdrive.com/a-confluence-of-art-and-music-carnatic-music-e10854301.html;36 Pages;https://cdn.pdfdrive.com/assets/thumbs/980/98029feaeaeffd6af6582884857c9c70-s.jpg;English;['Music']
Music Listening, Music Therapy, Phenomenology and Neuroscience;http://www.pdfdrive.com/music-listening-music-therapy-phenomenology-and-neuroscience-e6552419.html;395 Pages;https://cdn.pdfdrive.com/assets/thumbs/b9f/b9f4917f2fbef418e5790059bfac7842-s.jpg;English;['Music']
the 100 most influential musicians of all time;http://www.pdfdrive.com/the-100-most-influential-musicians-of-all-time-e33759301.html;362 Pages;https://cdn.pdfdrive.com/assets/thumbs/69d/69d7b69815c70f5ad897c72e964fc7bb-s.jpg;English;['Music']
Jeff Smith. Posing Techniques for Location Portrait Photography. 2008;http://www.pdfdrive.com/jeff-smith-posing-techniques-for-location-portrait-photography-2008-e13122478.html;129 Pages;https://cdn.pdfdrive.com/assets/thumbs/d57/d575b3e57a7304696bffca9972dde535-s.jpg;English;['Photography']
Night and Low-light Photography Photo Workshop;http://www.pdfdrive.com/night-and-low-light-photography-photo-workshop-e34328813.html;306 Pages;https://cdn.pdfdrive.com/assets/thumbs/1cf/1cfadb1d000b1c88d82621c5d2826566-s.jpg;English;['Photography']
Introduction to Watercolor;http://www.pdfdrive.com/introduction-to-watercolor-e33408161.html;38 Pages;https://cdn.pdfdrive.com/assets/thumbs/d6f/d6ffabe26bef0cb40e3245d57563e614-s.jpg;English;"[""Editor's Picks"", 'Painting & Drawing']"
Rock Guitar Secrets;http://www.pdfdrive.com/rock-guitar-secrets-e19406680.html;180 Pages;https://cdn.pdfdrive.com/assets/thumbs/bbb/bbb5d0ec3b366e8a208c06e7149db299-s.jpg;English;['Music']
Interior Lighting for Designers;http://www.pdfdrive.com/interior-lighting-for-designers-e19571291.html;306 Pages;https://cdn.pdfdrive.com/assets/thumbs/7bb/7bba5e623806a416735ce93ba3e8db0d-s.jpg;English;['Architecture']
Landscape Architecture And Art;http://www.pdfdrive.com/landscape-architecture-and-art-e1270650.html;92 Pages;https://cdn.pdfdrive.com/assets/thumbs/625/625cf05f35cd5f126a135455e6d00904-s.jpg;English;['Most Popular', 'Architecture']
Music Composition DUMmIES;http://www.pdfdrive.com/music-composition-dummies-e19496316.html;362 Pages;https://cdn.pdfdrive.com/assets/thumbs/c42/c42a9ea30636558e04879fa5a49d3746-s.jpg;English;['Art']
Black & White Photography;http://www.pdfdrive.com/black-white-photography-e30182844.html;102 Pages;https://cdn.pdfdrive.com/assets/thumbs/082/082068d66e73ac3f49980aca402b9f1a-s.jpg;English;"[""Editor's Picks"", 'Photography']"
A History of European Art;http://www.pdfdrive.com/a-history-of-european-art-e23104006.html;376 Pages;https://cdn.pdfdrive.com/assets/thumbs/d7f/d7fbf6784ce8248c75f5c33f89966c1f-s.jpg;English;['Art', 'History']
Fundamental Concepts of Architecture;http://www.pdfdrive.com/fundamental-concepts-of-architecture-e26965488.html;380 Pages;https://cdn.pdfdrive.com/assets/thumbs/4a6/4a65c7de6cc5a6e11d29ef90a3f9f7d9-s.jpg;English;['Architecture']
Luxury Fashion Branding;http://www.pdfdrive.com/luxury-fashion-branding-e34606598.html;353 Pages;https://cdn.pdfdrive.com/assets/thumbs/16c/16c95c884773f263eaa81e2f61c9ea11-s.jpg;English;['Fashion & Beauty']
Basic Woodworking;http://www.pdfdrive.com/basic-woodworking-e3066688.html;76 Pages;https://cdn.pdfdrive.com/assets/thumbs/f5d/f5d1c1b4bc269d81c68254a52544158c-s.jpg;English;"[""Editor's Picks"", 'Craft & Hobbies']"
Pencil Sketching 2nd Edition;http://www.pdfdrive.com/pencil-sketching-2nd-edition-e4264513.html;129 Pages;https://cdn.pdfdrive.com/assets/thumbs/7c7/7c783c9693a86be630b0a8d42efb395e-s.jpg;English;['Painting & Drawing']
Fine Paintings and Sculpture;http://www.pdfdrive.com/fine-paintings-and-sculpture-e23526303.html;268 Pages;https://cdn.pdfdrive.com/assets/thumbs/2d5/2d5c2c1e523ea2b49254efd017300cf8-s.jpg;English;['Painting & Drawing']
Drawing Manga Girls;http://www.pdfdrive.com/drawing-manga-girls-e18775747.html;82 Pages;https://cdn.pdfdrive.com/assets/thumbs/5bc/5bcb730fad2bb056cface46c76055421-s.jpg;English;['Painting & Drawing']
Kundalini and the Art of Being: The Awakening;http://www.pdfdrive.com/kundalini-and-the-art-of-being-the-awakening-e8884650.html;183 Pages;https://cdn.pdfdrive.com/assets/thumbs/10e/10e63dd6f48b80a33d1fd95a47eeae22-s.jpg;English;['Art', 'Spiritualty']
Cheap and Easy Crafts;http://www.pdfdrive.com/cheap-and-easy-crafts-e16500325.html;126 Pages;https://cdn.pdfdrive.com/assets/thumbs/2e7/2e7b1a1892d658709c7e8c2241d713ba-s.jpg;English;['Craft & Hobbies']
Workshop Fine Woodworking;http://www.pdfdrive.com/workshop-fine-woodworking-e17370395.html;242 Pages;https://cdn.pdfdrive.com/assets/thumbs/6b6/6b658a11cd3128ea70eba1607759fe06-s.jpg;English;['Craft & Hobbies']
Ceramic and Glass Materials;http://www.pdfdrive.com/ceramic-and-glass-materials-e11795952.html;209 Pages;https://cdn.pdfdrive.com/assets/thumbs/11a/11a58fa7936976be4ced802442620867-s.jpg;English;['Craft & Hobbies']
Sustainable Urban Planning;http://www.pdfdrive.com/sustainable-urban-planning-e9773115.html;355 Pages;https://cdn.pdfdrive.com/assets/thumbs/201/201f6311a7224e1ea3a3402ed2b359dd-s.jpg;English;['Architecture', 'Environment']
Food Photography: From Snapshots to Great Shots - Pearsoncmg;http://www.pdfdrive.com/food-photography-from-snapshots-to-great-shots-pearsoncmg-e12610639.html;53 Pages;https://cdn.pdfdrive.com/assets/thumbs/f28/f28f555c8707243274ce8b2ff41c7c74-s.jpg;English;['Photography']
Oil Painting How Techniques and Materials;http://www.pdfdrive.com/oil-painting-how-techniques-and-materials-e22660103.html;17 Pages;https://cdn.pdfdrive.com/assets/thumbs/263/2637da46a201b28a8d3313fba01be874-s.jpg;English;['Painting & Drawing']
The Cambridge History of Nineteenth-Century Music;http://www.pdfdrive.com/the-cambridge-history-of-nineteenth-century-music-e34435347.html;784 Pages;https://cdn.pdfdrive.com/assets/thumbs/1da/1dab76b6a5a095a2660eac3803817666-s.jpg;English;"[""Editor's Picks"", 'Music']"
Digital Video For Dummies 3rd Edition;http://www.pdfdrive.com/digital-video-for-dummies-3rd-edition-e8845119.html;409 Pages;https://cdn.pdfdrive.com/assets/thumbs/d95/d95cd57b2c77b94c18fd1d0ae664e306-s.jpg;English;['Art', 'Technology']
Understanding Basic Music Theory;http://www.pdfdrive.com/understanding-basic-music-theory-e16502765.html;277 Pages;https://cdn.pdfdrive.com/assets/thumbs/f8a/f8ae63fba9d150ec8ebb84b48846ac8b-s.jpg;English;"[""Editor's Picks"", 'Most Popular', 'Music']"
Teach Yourself Visually Knitting;http://www.pdfdrive.com/teach-yourself-visually-knitting-e21240036.html;303 Pages;https://cdn.pdfdrive.com/assets/thumbs/75d/75df0f64e7d14125f97ff70bbc9d06d0-s.jpg;English;['Craft & Hobbies']
Watercolor Crayons;http://www.pdfdrive.com/watercolor-crayons-e23024663.html;52 Pages;https://cdn.pdfdrive.com/assets/thumbs/c81/c81d165f38c1d8a8c79b5e31bff21a20-s.jpg;English;['Painting & Drawing', 'Children & Youth']
Urban Regions : Ecology and Planning Beyond the City;http://www.pdfdrive.com/urban-regions-ecology-and-planning-beyond-the-city-e33000520.html;478 Pages;https://cdn.pdfdrive.com/assets/thumbs/74a/74a0a60bd6d7f3669703b625eb747693-s.jpg;English;['Architecture', 'Environment']
hottest trends and fashion;http://www.pdfdrive.com/hottest-trends-and-fashion-e39355071.html;138 Pages;https://cdn.pdfdrive.com/assets/thumbs/9f1/9f15781ed379921625ac3834f977939b-s.jpg;English;['Fashion & Beauty']
Fingerstyle Jazz Guitar;http://www.pdfdrive.com/fingerstyle-jazz-guitar-e18720594.html;21 Pages;https://cdn.pdfdrive.com/assets/thumbs/2d3/2d3264b521e841c2b429b7386df60ed0-s.jpg;English;['Music']
Food Styling for Photographers;http://www.pdfdrive.com/food-styling-for-photographers-e18758944.html;272 Pages;https://cdn.pdfdrive.com/assets/thumbs/b7c/b7c7cda5d2531616b3df4c4e5bdb4db0-s.jpg;English;['Food & Nutrition', 'Photography']
European Drawings - 1, Catalogue of the Collections;http://www.pdfdrive.com/european-drawings-1-catalogue-of-the-collections-e12580699.html;370 Pages;https://cdn.pdfdrive.com/assets/thumbs/eb8/eb8dec0d67d4e551310e190350be731e-s.jpg;English;['Painting & Drawing']
The Drawings of Michelangelo and His Followers in the Ashmolean Museum;http://www.pdfdrive.com/the-drawings-of-michelangelo-and-his-followers-in-the-ashmolean-museum-e20479481.html;509 Pages;https://cdn.pdfdrive.com/assets/thumbs/457/4579fb64d8d6cc75c0113a63e6f3c284-s.jpg;English;['Painting & Drawing']
European Drawings 2: Catalogue of the Collections;http://www.pdfdrive.com/european-drawings-2-catalogue-of-the-collections-e17225517.html;374 Pages;https://cdn.pdfdrive.com/assets/thumbs/14e/14ea083129f2e1826ac90063546d3c5f-s.jpg;English;['Painting & Drawing']
Design & Architecture - Tajan;http://www.pdfdrive.com/design-architecture-tajan-e8729590.html;180 Pages;https://cdn.pdfdrive.com/assets/thumbs/7d7/7d7d5ca910c52f94bec32a7c1d171bce-s.jpg;English;['Architecture']
Six Pencil Techniques;http://www.pdfdrive.com/six-pencil-techniques-e18821108.html;52 Pages;https://cdn.pdfdrive.com/assets/thumbs/ef5/ef5e4417f631a69eb057f6e8bfd831c9-s.jpg;English;"[""Editor's Picks"", 'Painting & Drawing']"
The Art of Approaching;http://www.pdfdrive.com/the-art-of-approaching-e227547.html;341 Pages;https://cdn.pdfdrive.com/assets/thumbs/4ec/4ec8f44cfe5703966f6f7315544bd273-s.jpg;English;['Art']
Watercolour;http://www.pdfdrive.com/watercolour-e33431347.html;38 Pages;https://cdn.pdfdrive.com/assets/thumbs/f6a/f6a04e1fa5ed4363270be0c78163288b-s.jpg;English;['Painting & Drawing']
Eduction/Drawing on the Funny Side of the Brain - Christopher Hart;http://www.pdfdrive.com/eductiondrawing-on-the-funny-side-of-the-brain-christopher-hart-e9002698.html;162 Pages;https://cdn.pdfdrive.com/assets/thumbs/1cb/1cb850395900530ba706c405695da73f-s.jpg;English;['Painting & Drawing']
Fine Art Documentary Wedding Photography;http://www.pdfdrive.com/fine-art-documentary-wedding-photography-e28994098.html;75 Pages;https://cdn.pdfdrive.com/assets/thumbs/bba/bba0e94b9f42115a89ac967cdba101c8-s.jpg;English;['Photography']
The Painter in oil;http://www.pdfdrive.com/the-painter-in-oil-e4469599.html;159 Pages;https://cdn.pdfdrive.com/assets/thumbs/fd9/fd9750d392cf62694edadfd897d10eef-s.jpg;English;['Painting & Drawing']
Made Woodworking Joinery;http://www.pdfdrive.com/made-woodworking-joinery-e20327416.html;175 Pages;https://cdn.pdfdrive.com/assets/thumbs/1c4/1c4bf439ad14776b860b69959f8f50f7-s.jpg;English;['Craft & Hobbies']
The Complete Book of Drawing Techniques;http://www.pdfdrive.com/the-complete-book-of-drawing-techniques-e18767452.html;213 Pages;https://cdn.pdfdrive.com/assets/thumbs/ef9/ef90985e13e320721ffd48015eb2d179-s.jpg;English;['Art']
Drawing Manga Boys;http://www.pdfdrive.com/drawing-manga-boys-e25905407.html;82 Pages;https://cdn.pdfdrive.com/assets/thumbs/59d/59d300f24cdcbb25a61e0fc6f4f51195-s.jpg;English;['Painting & Drawing']
Chris Nelson. Master Guide for Glamour Photography;http://www.pdfdrive.com/chris-nelson-master-guide-for-glamour-photography-e13240533.html;129 Pages;https://cdn.pdfdrive.com/assets/thumbs/f00/f00e5da721527407d8801726cd948667-s.jpg;English;['Art']
What is Architectural History;http://www.pdfdrive.com/what-is-architectural-history-e27351844.html;181 Pages;https://cdn.pdfdrive.com/assets/thumbs/96d/96dfafde24f6a1168ddf50ee71b3c0e2-s.jpg;English;['Architecture', 'History']
A text-book of the history of painting;http://www.pdfdrive.com/a-text-book-of-the-history-of-painting-e26486823.html;322 Pages;https://cdn.pdfdrive.com/assets/thumbs/140/1407184f6ea0568926e29ee304010a08-s.jpg;English;['Most Popular', 'Painting & Drawing', 'History']
The Art of Soap-making;http://www.pdfdrive.com/the-art-of-soap-making-e23253443.html;324 Pages;https://cdn.pdfdrive.com/assets/thumbs/330/33056737934ee90ff35ff960a79691ad-s.jpg;English;['Craft & Hobbies']
Writing Interactive Music for Video Games;http://www.pdfdrive.com/writing-interactive-music-for-video-games-e24499456.html;641 Pages;https://cdn.pdfdrive.com/assets/thumbs/618/61826175d02fa228df6631c2df1629b1-s.jpg;English;['Music']
The Theory and Technique of Electronic Music;http://www.pdfdrive.com/the-theory-and-technique-of-electronic-music-e24439110.html;337 Pages;https://cdn.pdfdrive.com/assets/thumbs/e09/e095bef58045602952bf223e0e32de08-s.jpg;English;['Music']
Paintings, Prints, Drawings and Sculpture;http://www.pdfdrive.com/paintings-prints-drawings-and-sculpture-e21415789.html;50 Pages;https://cdn.pdfdrive.com/assets/thumbs/28b/28b731d40b13565da8d92b547bd6c99c-s.jpg;English;['Painting & Drawing']
Architectural and Engineering Design Standards;http://www.pdfdrive.com/architectural-and-engineering-design-standards-e32175317.html;249 Pages;https://cdn.pdfdrive.com/assets/thumbs/bec/becb64611852f7af021c5bb26eed75cb-s.jpg;English;['Engineering', 'Architecture']
Visual and Performing Arts Framework;http://www.pdfdrive.com/visual-and-performing-arts-framework-e19765876.html;296 Pages;https://cdn.pdfdrive.com/assets/thumbs/f84/f84b8d227027029e121a723472fa2ab1-s.jpg;English;['Graphic Design']
Fine Art, Furniture, Decorative Arts and Jewelry Auction;http://www.pdfdrive.com/fine-art-furniture-decorative-arts-and-jewelry-auction-e434860.html;148 Pages;https://cdn.pdfdrive.com/assets/thumbs/216/21623ac374007df7140bd85bc24bdc58-s.jpg;English;"[""Editor's Picks"", 'Craft & Hobbies']"
Starting Your Career As A Musician;http://www.pdfdrive.com/starting-your-career-as-a-musician-e32965227.html;282 Pages;https://cdn.pdfdrive.com/assets/thumbs/3b3/3b3053f10bacb5f4c8900854d4c6ebef-s.jpg;English;['Music']
Smart Buildings Systems for Architects, Owners and Builders;http://www.pdfdrive.com/smart-buildings-systems-for-architects-owners-and-builders-e5376584.html;246 Pages;https://cdn.pdfdrive.com/assets/thumbs/0c1/0c101363592e75b92c6709a1e95db9f8-s.jpg;English;['Architecture']
Beautiful Architecture;http://www.pdfdrive.com/beautiful-architecture-e32218734.html;428 Pages;https://cdn.pdfdrive.com/assets/thumbs/572/5727751c87c88ee2f9981ada67e2d369-s.jpg;English;['Architecture']
Rolando Gomez's Glamour Photography;http://www.pdfdrive.com/rolando-gomezs-glamour-photography-e39594450.html;129 Pages;https://cdn.pdfdrive.com/assets/thumbs/11b/11b73e57b40abbe982a240891f573284-s.jpg;English;['Photography']
Sustainable Fashion: A Handbook for Educators;http://www.pdfdrive.com/sustainable-fashion-a-handbook-for-educators-e34434469.html;256 Pages;https://cdn.pdfdrive.com/assets/thumbs/6a2/6a27c1abd09fcc3ed9da6c1b66513b04-s.jpg;English;['Fashion & Beauty']
Planning Capital Cities;http://www.pdfdrive.com/planning-capital-cities-e38651751.html;290 Pages;https://cdn.pdfdrive.com/assets/thumbs/6c9/6c90bbb85b1291939ba6984606b5785e-s.jpg;English;['Architecture']
How to Use MATLAB for Graphics;http://www.pdfdrive.com/how-to-use-matlab-for-graphics-e16540603.html;550 Pages;https://cdn.pdfdrive.com/assets/thumbs/2e0/2e09400d49ab003d0c5094e98fa4fecf-s.jpg;English;['Art']
Fashion Institute of Technology;http://www.pdfdrive.com/fashion-institute-of-technology-e20022863.html;451 Pages;https://cdn.pdfdrive.com/assets/thumbs/0b6/0b6862ac7ee90c1b07acd3d6571872d1-s.jpg;English;['Fashion & Beauty']
Street Photography for the Purist;http://www.pdfdrive.com/street-photography-for-the-purist-e24717737.html;160 Pages;https://cdn.pdfdrive.com/assets/thumbs/4cd/4cdd0a8cc7677b82264bcb13c37a786c-s.jpg;English;"[""Editor's Picks"", 'Photography']"
Historical Painting Techniques;http://www.pdfdrive.com/historical-painting-techniques-e17575647.html;241 Pages;https://cdn.pdfdrive.com/assets/thumbs/58d/58d062b8f4d34f7be3ea0a57b0d4bf47-s.jpg;English;['Painting & Drawing']
Virtual Typography;http://www.pdfdrive.com/virtual-typography-e13076577.html;186 Pages;https://cdn.pdfdrive.com/assets/thumbs/99f/99f26a9c7ef2629e4033ed15c47147ca-s.jpg;English;['Graphic Design']
The Modern Interior;http://www.pdfdrive.com/the-modern-interior-e33405369.html;242 Pages;https://cdn.pdfdrive.com/assets/thumbs/575/575a44885635f66bf9cefbfdbe184bb5-s.jpg;English;['Architecture']
Ellie Vayo's Guide to Boudoir Photography;http://www.pdfdrive.com/ellie-vayos-guide-to-boudoir-photography-e16544757.html;128 Pages;https://cdn.pdfdrive.com/assets/thumbs/d71/d71836bcb4eb7717bc82e5d4ca2d96ba-s.jpg;English;['Art']
Interior Design Faculty;http://www.pdfdrive.com/interior-design-faculty-e20133506.html;380 Pages;https://cdn.pdfdrive.com/assets/thumbs/62b/62b6ba6eecfcb952573f6274011579e0-s.jpg;English;['Most Popular', 'Architecture']
Drawing Cartoons & Comics for Dummies;http://www.pdfdrive.com/drawing-cartoons-comics-for-dummies-e34313677.html;363 Pages;https://cdn.pdfdrive.com/assets/thumbs/fc7/fc77208b8ad1ab749e3c805612a4ff83-s.jpg;English;['Most Popular', 'Painting & Drawing']
Designing an Aquaponic Greenhouse for an Urban Food ;http://www.pdfdrive.com/designing-an-aquaponic-greenhouse-for-an-urban-food-e17513662.html;126 Pages;https://cdn.pdfdrive.com/assets/thumbs/68a/68a2e1ebee3ede43f5e2171e6d9a31e4-s.jpg;English;['Architecture']
Make Electronics;http://www.pdfdrive.com/make-electronics-e24978852.html;351 Pages;https://cdn.pdfdrive.com/assets/thumbs/7ab/7ab2452814d05884602e934e4e2cd305-s.jpg;English;['Craft & Hobbies']
UnrealScript Game Programming Cookbook;http://www.pdfdrive.com/unrealscript-game-programming-cookbook-e16133846.html;272 Pages;https://cdn.pdfdrive.com/assets/thumbs/77e/77ef9430d4fdb6a3f7eb070fcaf806e6-s.jpg;English;['Programming', 'Craft & Hobbies']
Writing Music for Television and Radio Commercials;http://www.pdfdrive.com/writing-music-for-television-and-radio-commercials-e19554171.html;271 Pages;https://cdn.pdfdrive.com/assets/thumbs/042/04299ce4423c0ef77a583a9e41146566-s.jpg;English;['Music']
Architecture and Modernity : A Critique;http://www.pdfdrive.com/architecture-and-modernity-a-critique-e5985945.html;278 Pages;https://cdn.pdfdrive.com/assets/thumbs/3b0/3b0a5dd6a03399e6cb65c26bc67278ba-s.jpg;English;['Architecture']
Impressions in Watercolor 2014;http://www.pdfdrive.com/impressions-in-watercolor-2014-e26685519.html;58 Pages;https://cdn.pdfdrive.com/assets/thumbs/e96/e960bf187e5437e8643f7296724b29de-s.jpg;English;['Painting & Drawing']
Guitar Virtuosity for the Everyday Man;http://www.pdfdrive.com/guitar-virtuosity-for-the-everyday-man-e18998984.html;187 Pages;https://cdn.pdfdrive.com/assets/thumbs/162/162f1dfe7a5088f651e3807c0aa377f9-s.jpg;English;['Music']
Working Drawings Handbook;http://www.pdfdrive.com/working-drawings-handbook-e83362.html;169 Pages;https://cdn.pdfdrive.com/assets/thumbs/70a/70a40e0f0da1a60d3421a45fd39248f0-s.jpg;English;['Art']
Linux Kernel Architecture;http://www.pdfdrive.com/linux-kernel-architecture-e6806131.html;1,370 Pages;https://cdn.pdfdrive.com/assets/thumbs/04d/04df53cb2fe799ad56dda53e0289ed24-s.jpg;English;['Art']
Nineteenth-Century Photography;http://www.pdfdrive.com/nineteenth-century-photography-e27123374.html;1,630 Pages;https://cdn.pdfdrive.com/assets/thumbs/779/7799070fb65f42c40b969fcd7cc68094-s.jpg;English;['Photography']
European Sculpture;http://www.pdfdrive.com/european-sculpture-e20607219.html;130 Pages;https://cdn.pdfdrive.com/assets/thumbs/898/89806809c93ccb3bdf3d5cab17f5144a-s.jpg;Italian;['Craft & Hobbies']
Rolando Gomez's Lighting for Glamour;http://www.pdfdrive.com/rolando-gomezs-lighting-for-glamour-e12230473.html;128 Pages;https://cdn.pdfdrive.com/assets/thumbs/dd6/dd6ba41e41fac54b64c12a0cd26bdc3a-s.jpg;English;['Photography']
Furniture, Decorative Arts, Jewelry & Timepieces Auction;http://www.pdfdrive.com/furniture-decorative-arts-jewelry-timepieces-auction-e367400.html;92 Pages;https://cdn.pdfdrive.com/assets/thumbs/0e7/0e757e6d0d4970b5ce54013bfb390aa1-s.jpg;English;"[""Editor's Picks"", 'Craft & Hobbies']"
Typography Graphic Design Thesaurus;http://www.pdfdrive.com/typography-graphic-design-thesaurus-e1010890.html;144 Pages;https://cdn.pdfdrive.com/assets/thumbs/f12/f120223457fe6f6bc21071e785e31bda-s.jpg;English;['Graphic Design']
Capoeira: The History of an Afro-Brazilian Martial Art;http://www.pdfdrive.com/capoeira-the-history-of-an-afro-brazilian-martial-art-e16496221.html;286 Pages;https://cdn.pdfdrive.com/assets/thumbs/c8f/c8f4075cbafc0600f7c7cfd0d3e084b4-s.jpg;English;['Art']
Macro Photography;http://www.pdfdrive.com/macro-photography-e18067955.html;90 Pages;https://cdn.pdfdrive.com/assets/thumbs/0be/0becb8b8fa07f7b1c2e83346efdae5d3-s.jpg;English;['Photography']
Figure Drawing;http://www.pdfdrive.com/figure-drawing-e18402999.html;13 Pages;https://cdn.pdfdrive.com/assets/thumbs/b28/b2853045e3170d91ecf0d21b18122c5b-s.jpg;English;['Painting & Drawing']
Advanced Woodworking;http://www.pdfdrive.com/advanced-woodworking-e18631305.html;100 Pages;https://cdn.pdfdrive.com/assets/thumbs/79a/79a15a14424eb25dddbeb9c1d579909c-s.jpg;English;['Craft & Hobbies']
Architectural Thought : The Design Process and and the Expectant ;http://www.pdfdrive.com/architectural-thought-the-design-process-and-and-the-expectant-e11462285.html;191 Pages;https://cdn.pdfdrive.com/assets/thumbs/4b9/4b913261d52b58ec35748c3cc1ea7855-s.jpg;English;['Architecture']
Soap Making Made Easy 2nd edition;http://www.pdfdrive.com/soap-making-made-easy-2nd-edition-e4265800.html;86 Pages;https://cdn.pdfdrive.com/assets/thumbs/6da/6da5a52c77a127cc5cba8cc7a5d83903-s.jpg;English;['Craft & Hobbies']
The Essential Guide to Digital Photography;http://www.pdfdrive.com/the-essential-guide-to-digital-photography-e202425.html;59 Pages;https://cdn.pdfdrive.com/assets/thumbs/cd6/cd6cb87466ac63ebd0d1aca5c95bfa47-s.jpg;English;['Photography']
Italian Ceramics: Catalogue of the J. Paul Getty Museum;http://www.pdfdrive.com/italian-ceramics-catalogue-of-the-j-paul-getty-museum-e19250791.html;282 Pages;https://cdn.pdfdrive.com/assets/thumbs/3d4/3d49fae93d56ae9b3492cc80b3c6c995-s.jpg;English;['Craft & Hobbies']
Exploring the Self Through Photography;http://www.pdfdrive.com/exploring-the-self-through-photography-e38433666.html;205 Pages;https://cdn.pdfdrive.com/assets/thumbs/a28/a286c8bba29558ef10a69bae39abba2b-s.jpg;English;['Photography']
Understanding Music Past and Present;http://www.pdfdrive.com/understanding-music-past-and-present-e20500883.html;316 Pages;https://cdn.pdfdrive.com/assets/thumbs/63a/63a1a6aa2c237d7a923708082134bd34-s.jpg;English;['Music']
The Electronics Hobby Kit;http://www.pdfdrive.com/the-electronics-hobby-kit-e21335728.html;142 Pages;https://cdn.pdfdrive.com/assets/thumbs/8ea/8ea683f25ca539855c849a7219e76182-s.jpg;English;['Craft & Hobbies']
Dog Training for Dummies;http://www.pdfdrive.com/dog-training-for-dummies-e18883513.html;410 Pages;https://cdn.pdfdrive.com/assets/thumbs/7b2/7b25dd9ef2a43a3f82a23ed82085999d-s.jpg;English;['Academic & Education', 'Art']
Classical Guitar for Dummies;http://www.pdfdrive.com/classical-guitar-for-dummies-e33445177.html;363 Pages;https://cdn.pdfdrive.com/assets/thumbs/7a2/7a2cfad753c29d50da718b5d89c6e051-s.jpg;English;['Music']
JAZZ GUITAR SOLOING;http://www.pdfdrive.com/jazz-guitar-soloing-e391148.html;30 Pages;https://cdn.pdfdrive.com/assets/thumbs/859/859be496f946a95ae8b990bfeccf31df-s.jpg;English;['Music']
FASHION-able;http://www.pdfdrive.com/fashion-able-e24268906.html;278 Pages;https://cdn.pdfdrive.com/assets/thumbs/a9d/a9da75befa145aff4738852507a7fa86-s.jpg;English;['Fashion & Beauty']
Guitar & Keyboard Scales Poster;http://www.pdfdrive.com/guitar-keyboard-scales-poster-e6006432.html;65 Pages;https://cdn.pdfdrive.com/assets/thumbs/c9d/c9db86aa31adf1a4213baee229bfee40-s.jpg;English;['Music']
CorelDRAW Graphics Suite X6 Guidebook;http://www.pdfdrive.com/coreldraw-graphics-suite-x6-guidebook-e16494572.html;317 Pages;https://cdn.pdfdrive.com/assets/thumbs/bbc/bbc9900d808a5db119015daa56e5e23c-s.jpg;English;['Art']
Guerrilla MUSIC Marketing Handbook;http://www.pdfdrive.com/guerrilla-music-marketing-handbook-e5177669.html;180 Pages;https://cdn.pdfdrive.com/assets/thumbs/c45/c4565e9165001d0bd580f5a68b6684cc-s.jpg;English;['Academic & Education', 'Art', 'Business & Career']
Gemstone Jewelry;http://www.pdfdrive.com/gemstone-jewelry-e4883.html;28 Pages;https://cdn.pdfdrive.com/assets/thumbs/607/60711bb02707b1323c7c90f32d250a3e-s.jpg;English;['Craft & Hobbies']
6 Unique Handmade Jewelry Making;http://www.pdfdrive.com/6-unique-handmade-jewelry-making-e9881151.html;113 Pages;https://cdn.pdfdrive.com/assets/thumbs/332/332018dacf1a21ed4f78626b3f1c82a4-s.jpg;English;['Craft & Hobbies']
Martial Arts of the World;http://www.pdfdrive.com/martial-arts-of-the-world-e518807.html;926 Pages;https://cdn.pdfdrive.com/assets/thumbs/e7d/e7d84a1fa28967f84199b90d052837b5-s.jpg;English;['Art']
Düsseldorf - Fashion Square;http://www.pdfdrive.com/düsseldorf-fashion-square-e10367757.html;372 Pages;https://cdn.pdfdrive.com/assets/thumbs/c94/c945e88105fd749fdebaec9073a83933-s.jpg;English;['Fashion & Beauty']
Make Your Own Hot Process Soap Recipes;http://www.pdfdrive.com/make-your-own-hot-process-soap-recipes-e5467201.html;25 Pages;https://cdn.pdfdrive.com/assets/thumbs/52c/52ca7f318aafd6e85a497c95bb417aa7-s.jpg;English;['Craft & Hobbies']
Photography and Cinema;http://www.pdfdrive.com/photography-and-cinema-e29875530.html;161 Pages;https://cdn.pdfdrive.com/assets/thumbs/16c/16c7e5c24dded48c5c290055aff5fd31-s.jpg;English;['Photography']
Understanding Your Dog For Dummies;http://www.pdfdrive.com/understanding-your-dog-for-dummies-e20478966.html;290 Pages;https://cdn.pdfdrive.com/assets/thumbs/e63/e6392335a02a26e7085b34c48812385a-s.jpg;English;['Art']
The Cognitive Neuroscience of Music;http://www.pdfdrive.com/the-cognitive-neuroscience-of-music-e33510741.html;479 Pages;https://cdn.pdfdrive.com/assets/thumbs/181/18100ce559120e762bc8ded98d95c312-s.jpg;English;['Music']
Fine Art, Furniture, Decorative Arts and Jewelry Auction;http://www.pdfdrive.com/fine-art-furniture-decorative-arts-and-jewelry-auction-e20889796.html;94 Pages;https://cdn.pdfdrive.com/assets/thumbs/a9b/a9b57eda8e0421bf458e0d65b04ebbd9-s.jpg;English;['Craft & Hobbies']
Teaching and Experimenting with Architectural Design;http://www.pdfdrive.com/teaching-and-experimenting-with-architectural-design-e8278343.html;497 Pages;https://cdn.pdfdrive.com/assets/thumbs/d4a/d4ae4d3cf54e1b2d5056ba7c655174d2-s.jpg;English;['Architecture']
Melbourne Street Photography 2015;http://www.pdfdrive.com/melbourne-street-photography-2015-e21259607.html;330 Pages;https://cdn.pdfdrive.com/assets/thumbs/a26/a266043fa898cac09deac9dac066f53f-s.jpg;English;['Photography']
Soap Making Made Easy;http://www.pdfdrive.com/soap-making-made-easy-e18753793.html;146 Pages;https://cdn.pdfdrive.com/assets/thumbs/883/883938fd151009e8343a80848b0ed01a-s.jpg;English;['Craft & Hobbies']
The Textbook of Digital Photography - PhotoCourse;http://www.pdfdrive.com/the-textbook-of-digital-photography-photocourse-e4986693.html;111 Pages;https://cdn.pdfdrive.com/assets/thumbs/a72/a729b6334d9490c34b33b524b8dd94a9-s.jpg;English;['Photography']
Photography, Physics, and Complexity;http://www.pdfdrive.com/photography-physics-and-complexity-e31647715.html;154 Pages;https://cdn.pdfdrive.com/assets/thumbs/c9b/c9bceeb9fa8263b9029c4e0b77d389c8-s.jpg;English;['Physics', 'Photography']
The Origins of Music;http://www.pdfdrive.com/the-origins-of-music-e38555376.html;504 Pages;https://cdn.pdfdrive.com/assets/thumbs/e58/e58ee71baf28846ceab64c7777bc59f2-s.jpg;English;['Music']
Better Available Light Digital Photography;http://www.pdfdrive.com/better-available-light-digital-photography-e39893399.html;237 Pages;https://cdn.pdfdrive.com/assets/thumbs/a43/a438e8bd51d1d1105515a17653b51900-s.jpg;English;['Photography']
Woodworking Tools;http://www.pdfdrive.com/woodworking-tools-e960387.html;87 Pages;https://cdn.pdfdrive.com/assets/thumbs/5f5/5f59062d764ba961a474bc658fb8cf2c-s.jpg;English;['Craft & Hobbies']
Texas Blues Guitar;http://www.pdfdrive.com/texas-blues-guitar-e78843.html;18 Pages;https://cdn.pdfdrive.com/assets/thumbs/911/9116c17b97c56d888c8196ad8d166915-s.jpg;English;['Music']
Music Theory - Kilby;http://www.pdfdrive.com/music-theory-kilby-e8886490.html;191 Pages;https://cdn.pdfdrive.com/assets/thumbs/877/877a98c30fe376d464f3e80f866212de-s.jpg;English;['Music']
Decorative Arts;http://www.pdfdrive.com/decorative-arts-e19102943.html;310 Pages;https://cdn.pdfdrive.com/assets/thumbs/85a/85af9e8554df062bb1ae782e70597ec6-s.jpg;English;['Art']
Panoramic and High Resolution Photography;http://www.pdfdrive.com/panoramic-and-high-resolution-photography-e8237041.html;108 Pages;https://cdn.pdfdrive.com/assets/thumbs/a6e/a6e89d4947e88fcc7d210b7f93c7c985-s.jpg;English;['Photography']
Dovetail Furniture;http://www.pdfdrive.com/dovetail-furniture-e27592087.html;276 Pages;https://cdn.pdfdrive.com/assets/thumbs/fe7/fe732933a3ea05830810eb37478de47e-s.jpg;English;['Craft & Hobbies']
Between Stillness and Motion : Film, Photography, Algorithms;http://www.pdfdrive.com/between-stillness-and-motion-film-photography-algorithms-e34823352.html;245 Pages;https://cdn.pdfdrive.com/assets/thumbs/a6e/a6e61aa5db11368f1f925bb137be8900-s.jpg;English;['Photography']
Architectural Woodwork Standards - Murphy Company;http://www.pdfdrive.com/architectural-woodwork-standards-murphy-company-e17238339.html;636 Pages;https://cdn.pdfdrive.com/assets/thumbs/824/82413f9f3d797221b6682a829e308803-s.jpg;English;['Architecture']
Music, Philosophy And Modernity;http://www.pdfdrive.com/music-philosophy-and-modernity-e21956232.html;444 Pages;https://cdn.pdfdrive.com/assets/thumbs/8e0/8e092789ea71e06dee4332fcd5ed2070-s.jpg;English;['Music']
Contemporary American Painting and Sculpture;http://www.pdfdrive.com/contemporary-american-painting-and-sculpture-e22533515.html;250 Pages;https://cdn.pdfdrive.com/assets/thumbs/b06/b06662dd6328534b0d1e4f927329036d-s.jpg;English;['Painting & Drawing']
Lighting for Digital Photography: From Snapshots to Great Shots;http://www.pdfdrive.com/lighting-for-digital-photography-from-snapshots-to-great-shots-e3835342.html;47 Pages;https://cdn.pdfdrive.com/assets/thumbs/4bc/4bc72d1df7d72b7a580c2a8cdfc81cce-s.jpg;English;['Photography']
Three-Dimensional Photography;http://www.pdfdrive.com/three-dimensional-photography-e19146545.html;350 Pages;https://cdn.pdfdrive.com/assets/thumbs/05a/05a6256abb29f6edee7e59fb3de7cbbf-s.jpg;English;['Photography']
Music and the Making of Modern Science;http://www.pdfdrive.com/music-and-the-making-of-modern-science-e29973128.html;356 Pages;https://cdn.pdfdrive.com/assets/thumbs/f35/f35c47880c7de4887ccc2fdeac578da1-s.jpg;English;['Music']
The Structural Conservation of Panel Paintings;http://www.pdfdrive.com/the-structural-conservation-of-panel-paintings-e14875432.html;582 Pages;https://cdn.pdfdrive.com/assets/thumbs/b8a/b8ad111e7962baccca18c0da1365eda8-s.jpg;English;['Painting & Drawing', 'Craft & Hobbies']
Glass Art Magazine;http://www.pdfdrive.com/glass-art-magazine-e32483170.html;64 Pages;https://cdn.pdfdrive.com/assets/thumbs/933/93334cdee0f44b6b3e674f3f69f60402-s.jpg;English;['Craft & Hobbies']
How to Succeed in Commercial Photography;http://www.pdfdrive.com/how-to-succeed-in-commercial-photography-e28625523.html;241 Pages;https://cdn.pdfdrive.com/assets/thumbs/db4/db4eb3bfae6d8b66d108c59888dd1614-s.jpg;English;['Photography']
Engineering Drawing;http://www.pdfdrive.com/engineering-drawing-e30206.html;240 Pages;https://cdn.pdfdrive.com/assets/thumbs/ec2/ec2d8216779bff83ac5621f65681ca3d-s.jpg;English;['Engineering', 'Painting & Drawing']
Tendencies In Modern Egyptian Painting;http://www.pdfdrive.com/tendencies-in-modern-egyptian-painting-e10071985.html;241 Pages;https://cdn.pdfdrive.com/assets/thumbs/f1d/f1d91bb7214dfe1451103571ecaef79c-s.jpg;English;['Painting & Drawing']
Wire Jewelry–Making Basics - Beads Baubles and Jewels;http://www.pdfdrive.com/wire-jewelrymaking-basics-beads-baubles-and-jewels-e11326734.html;15 Pages;https://cdn.pdfdrive.com/assets/thumbs/0b9/0b91b6e030169ae0a743a1142a4489bb-s.jpg;English;['Craft & Hobbies']
Nikon D3200 For Dummies;http://www.pdfdrive.com/nikon-d3200-for-dummies-e33544506.html;30 Pages;https://cdn.pdfdrive.com/assets/thumbs/aa0/aa0ba143b48e07148d668b310834e7ee-s.jpg;English;['Art']
Digital Photography in Available Light;http://www.pdfdrive.com/digital-photography-in-available-light-e21308198.html;247 Pages;https://cdn.pdfdrive.com/assets/thumbs/6f7/6f7ba778002c7a69e98c16c543e92441-s.jpg;English;['Art']
How Digital Photography Works;http://www.pdfdrive.com/how-digital-photography-works-e28777955.html;241 Pages;https://cdn.pdfdrive.com/assets/thumbs/99f/99f31674df1edda16ee6b2f63dfd0063-s.jpg;English;['Art']
American Furniture & Decorative Arts;http://www.pdfdrive.com/american-furniture-decorative-arts-e23175026.html;188 Pages;https://cdn.pdfdrive.com/assets/thumbs/9f9/9f9ad826c38cc9ac79b063aad4b3e1f6-s.jpg;English;['Art']
Maintaining Your Home's Architectural Style;http://www.pdfdrive.com/maintaining-your-homes-architectural-style-e21853029.html;47 Pages;https://cdn.pdfdrive.com/assets/thumbs/b28/b280aea501522556c06338090742c576-s.jpg;English;['Architecture']
Underwater Photography;http://www.pdfdrive.com/underwater-photography-e7671208.html;76 Pages;https://cdn.pdfdrive.com/assets/thumbs/c60/c60fe913c319ce353ed69e077047539b-s.jpg;English;['Photography']
Chapter 4 Sewing Character/Decorative Stitches;http://www.pdfdrive.com/chapter-4-sewing-characterdecorative-stitches-e22178773.html;321 Pages;https://cdn.pdfdrive.com/assets/thumbs/650/650be1f75c4cbf5cfe2e6c41294503da-s.jpg;English;['Craft & Hobbies']
Rethinking Architecture;http://www.pdfdrive.com/rethinking-architecture-e19443976.html;413 Pages;https://cdn.pdfdrive.com/assets/thumbs/a34/a3458d1e628f935a57028449b2026df2-s.jpg;English;['Architecture']
The Collector's Guide To Emerging Art Photography;http://www.pdfdrive.com/the-collectors-guide-to-emerging-art-photography-e28843651.html;172 Pages;https://cdn.pdfdrive.com/assets/thumbs/b39/b39d63770edee1fb58b6c2560b2ed907-s.jpg;English;['Photography']
Guide to Making Jewelry with Beads;http://www.pdfdrive.com/guide-to-making-jewelry-with-beads-e4713867.html;27 Pages;https://cdn.pdfdrive.com/assets/thumbs/f59/f59b6f681a2dbfe380fc4dc3afdaea09-s.jpg;English;['Craft & Hobbies']
The architecture of humanism;http://www.pdfdrive.com/the-architecture-of-humanism-e33561748.html;296 Pages;https://cdn.pdfdrive.com/assets/thumbs/34b/34bda1a7ff6dba9908a0c9b9644dd5d9-s.jpg;English;['Architecture']
Architecture and Urbanism in the Middle East;http://www.pdfdrive.com/architecture-and-urbanism-in-the-middle-east-e34363992.html;84 Pages;https://cdn.pdfdrive.com/assets/thumbs/d90/d90168546338fa29ebc534c61d05942f-s.jpg;English;['Architecture']
Microstock Photography;http://www.pdfdrive.com/microstock-photography-e16155447.html;224 Pages;https://cdn.pdfdrive.com/assets/thumbs/863/8630366a684fdf9351136ba1b3c2b349-s.jpg;English;['Photography']
Part II: Tackling the Puzzles;http://www.pdfdrive.com/part-ii-tackling-the-puzzles-e20204790.html;387 Pages;https://cdn.pdfdrive.com/assets/thumbs/30e/30e87d1046fab986ea62f1fc1151a8ee-s.jpg;English;['Craft & Hobbies']
European Furniture and Decorative Arts;http://www.pdfdrive.com/european-furniture-and-decorative-arts-e20829895.html;212 Pages;https://cdn.pdfdrive.com/assets/thumbs/746/74649730b226325ed46eaa96fcc2f4e4-s.jpg;English;['Art']
Jewelry Making: Beaded Jewelry Projects from 5 Free Beaded ;http://www.pdfdrive.com/jewelry-making-beaded-jewelry-projects-from-5-free-beaded-e273328.html;15 Pages;https://cdn.pdfdrive.com/assets/thumbs/071/07109542d713bdef22eab9c93c4d7360-s.jpg;English;['Craft & Hobbies']
The Routledge Companion to Research in the Arts;http://www.pdfdrive.com/the-routledge-companion-to-research-in-the-arts-e18837154.html;976 Pages;https://cdn.pdfdrive.com/assets/thumbs/79b/79b5f9b412ab274b414ff23045a21fcb-s.jpg;English;['Art']
MUSIC FOR THE PEOPLE: THE FOLK MUSIC REVIVAL AND - ETD;http://www.pdfdrive.com/music-for-the-people-the-folk-music-revival-and-etd-e16541397.html;332 Pages;https://cdn.pdfdrive.com/assets/thumbs/709/7096ee41e8376ec90a55326509e11666-s.jpg;English;['Music']
Featuring Fine Silver & Ceramics;http://www.pdfdrive.com/featuring-fine-silver-ceramics-e19295597.html;140 Pages;https://cdn.pdfdrive.com/assets/thumbs/792/792daa9c6e4a2cb96be54f268a145b5e-s.jpg;English;['Craft & Hobbies']
Music In Education Unesco;http://www.pdfdrive.com/music-in-education-unesco-e15305734.html;325 Pages;https://cdn.pdfdrive.com/assets/thumbs/e66/e6658094b898f38d0c371821502f13d0-s.jpg;English;['Music']
Traditional Irish Music : a path to new music;http://www.pdfdrive.com/traditional-irish-music-a-path-to-new-music-e31397120.html;533 Pages;https://cdn.pdfdrive.com/assets/thumbs/7cf/7cfc798959016840691fb88d1ba11f5a-s.jpg;English;['Music']
Korean Buncheong Ceramics;http://www.pdfdrive.com/korean-buncheong-ceramics-e38150384.html;178 Pages;https://cdn.pdfdrive.com/assets/thumbs/ea4/ea42c510529b9b0bcad07f6d233fa2a6-s.jpg;English;['Craft & Hobbies']
Music that works: Contributions of biology - Svetlost;http://www.pdfdrive.com/music-that-works-contributions-of-biology-svetlost-e16475263.html;351 Pages;https://cdn.pdfdrive.com/assets/thumbs/b6a/b6a928162e5557cf63a139050bc64cae-s.jpg;English;['Music']
Art Architecture Thesaurus - The Getty;http://www.pdfdrive.com/art-architecture-thesaurus-the-getty-e55903.html;228 Pages;https://cdn.pdfdrive.com/assets/thumbs/b7e/b7e0fcd526f10cd92dd9444804ab99ab-s.jpg;English;['Architecture']
paimio sanatorium;http://www.pdfdrive.com/paimio-sanatorium-e39924590.html;341 Pages;https://cdn.pdfdrive.com/assets/thumbs/82d/82d4ec034b2434f5f896a821649c348b-s.jpg;English;['Architecture']
IATH Best Practices Guide to Digital Panoramic Photography;http://www.pdfdrive.com/iath-best-practices-guide-to-digital-panoramic-photography-e8233010.html;148 Pages;https://cdn.pdfdrive.com/assets/thumbs/854/854c80d3f1a0b8b99d961795956377f1-s.jpg;English;['Photography']
For the Creative Professional Working in Hot, Warm, and Cold Glass May/June 2015;http://www.pdfdrive.com/for-the-creative-professional-working-in-hot-warm-and-cold-glass-mayjune-2015-e21754873.html;64 Pages;https://cdn.pdfdrive.com/assets/thumbs/735/735b02abf49fa821e1a25fe01325a400-s.jpg;English;['Craft & Hobbies']
MATLAB Creating Graphical User Interfaces;http://www.pdfdrive.com/matlab-creating-graphical-user-interfaces-e318415.html;508 Pages;https://cdn.pdfdrive.com/assets/thumbs/2e6/2e68d328ce043484d7b49dfae9564648-s.jpg;English;['Art']
Historic Architectural Survey;http://www.pdfdrive.com/historic-architectural-survey-e26021961.html;284 Pages;https://cdn.pdfdrive.com/assets/thumbs/4ee/4ee741fb8defecc2bcf596ed44fb0c1a-s.jpg;English;['Art', 'History']
Painted Wood: History and Conservation;http://www.pdfdrive.com/painted-wood-history-and-conservation-e19280708.html;549 Pages;https://cdn.pdfdrive.com/assets/thumbs/88a/88aa2b58a6cb97d0096ec4a0a3381ef2-s.jpg;English;['Art']
Music: An Art and a Language;http://www.pdfdrive.com/music-an-art-and-a-language-e26344944.html;393 Pages;https://cdn.pdfdrive.com/assets/thumbs/1e2/1e21a73bde490d394649404e68fba2d4-s.jpg;English;['Art']
ÿþM icrosoft W ord - 0 0 0 1 1 0 TOC . doc;http://www.pdfdrive.com/ÿþm-icrosoft-w-ord-0-0-0-1-1-0-toc-doc-e20520803.html;501 Pages;https://cdn.pdfdrive.com/assets/thumbs/31c/31c7d3d9abd3547c6fa5edbd18a95ffa-s.jpg;English;['Architecture']
